INSERT INTO USERS (ID, NAME, EMAIL, PASSWORD, ENABLED) VALUES (1, 'user@gmail.com', 'User', '123', true);
INSERT INTO USERS (ID, NAME, EMAIL, PASSWORD, ENABLED) VALUES (2, 'admin@javaops.ru', 'Admin', '321', true);

INSERT INTO USER_ROLES (ROLE, USER_ID) VALUES ('USER', 1);
INSERT INTO USER_ROLES (ROLE, USER_ID) VALUES ('ADMIN', 2);
INSERT INTO USER_ROLES (ROLE, USER_ID) VALUES ('USER', 2);

INSERT INTO RESTAURANTS (ID, NAME) VALUES (1, 'Astoriya');
INSERT INTO RESTAURANTS (ID, NAME) VALUES (2, 'Aragvi');
INSERT INTO RESTAURANTS (ID, NAME) VALUES (3, 'Pesto');

INSERT INTO DISHES (ID, NAME) VALUES (1, 'Pizza Margarita');
INSERT INTO DISHES (ID, NAME) VALUES (2, 'Pasta with seafood');
INSERT INTO DISHES (ID, NAME) VALUES (3, 'Roll Philadelphia');
INSERT INTO DISHES (ID, NAME) VALUES (4, 'Greece Salad');
INSERT INTO DISHES (ID, NAME) VALUES (5, 'Tiramisu');
INSERT INTO DISHES (ID, NAME) VALUES (6, 'Beef steak');
INSERT INTO DISHES (ID, NAME) VALUES (7, 'Fried Eggs');
INSERT INTO DISHES (ID, NAME) VALUES (8, 'Onion soup');
INSERT INTO DISHES (ID, NAME) VALUES (9, 'Fish');
INSERT INTO DISHES (ID, NAME) VALUES (10, 'Pork Cutlets');

INSERT INTO MENUS (ID, DATE, RESTAURANT_ID) VALUES (1, DATEADD(DAY, -2, CURRENT_DATE), 1);
INSERT INTO MENUS (ID, DATE, RESTAURANT_ID) VALUES (2, DATEADD(DAY, -2, CURRENT_DATE), 2);
INSERT INTO MENUS (ID, DATE, RESTAURANT_ID) VALUES (3, DATEADD(DAY, -2, CURRENT_DATE), 3);
INSERT INTO MENUS (ID, DATE, RESTAURANT_ID) VALUES (4, DATEADD(DAY, -1, CURRENT_DATE), 1);
INSERT INTO MENUS (ID, DATE, RESTAURANT_ID) VALUES (5, DATEADD(DAY, -1, CURRENT_DATE), 2);
INSERT INTO MENUS (ID, DATE, RESTAURANT_ID) VALUES (6, DATEADD(DAY, -1, CURRENT_DATE), 3);
INSERT INTO MENUS (ID, DATE, RESTAURANT_ID) VALUES (7, CURRENT_DATE, 1);
INSERT INTO MENUS (ID, DATE, RESTAURANT_ID) VALUES (8, CURRENT_DATE, 2);
INSERT INTO MENUS (ID, DATE, RESTAURANT_ID) VALUES (9, CURRENT_DATE, 3);

INSERT INTO MENU_DISHES (MENU_ID, DISH_ID, PRICE) VALUES (1, 1, 23600);
INSERT INTO MENU_DISHES (MENU_ID, DISH_ID, PRICE) VALUES (1, 3, 5200);
INSERT INTO MENU_DISHES (MENU_ID, DISH_ID, PRICE) VALUES (1, 4, 15200);
INSERT INTO MENU_DISHES (MENU_ID, DISH_ID, PRICE) VALUES (2, 6, 23100);
INSERT INTO MENU_DISHES (MENU_ID, DISH_ID, PRICE) VALUES (2, 7, 6200);
INSERT INTO MENU_DISHES (MENU_ID, DISH_ID, PRICE) VALUES (3, 10, 36505);
INSERT INTO MENU_DISHES (MENU_ID, DISH_ID, PRICE) VALUES (4, 1, 25200);
INSERT INTO MENU_DISHES (MENU_ID, DISH_ID, PRICE) VALUES (4, 2, 16400);
INSERT INTO MENU_DISHES (MENU_ID, DISH_ID, PRICE) VALUES (4, 5, 9000);
INSERT INTO MENU_DISHES (MENU_ID, DISH_ID, PRICE) VALUES (5, 7, 6450);
INSERT INTO MENU_DISHES (MENU_ID, DISH_ID, PRICE) VALUES (5, 8, 4269);
INSERT INTO MENU_DISHES (MENU_ID, DISH_ID, PRICE) VALUES (6, 9, 39800);
INSERT INTO MENU_DISHES (MENU_ID, DISH_ID, PRICE) VALUES (7, 2, 17000);
INSERT INTO MENU_DISHES (MENU_ID, DISH_ID, PRICE) VALUES (7, 3, 5460);
INSERT INTO MENU_DISHES (MENU_ID, DISH_ID, PRICE) VALUES (7, 5, 8600);
INSERT INTO MENU_DISHES (MENU_ID, DISH_ID, PRICE) VALUES (8, 6, 25100);
INSERT INTO MENU_DISHES (MENU_ID, DISH_ID, PRICE) VALUES (8, 8, 4980);
INSERT INTO MENU_DISHES (MENU_ID, DISH_ID, PRICE) VALUES (9, 9, 31205);